,Company,Year,Rate,Word,Pair,Tri
0,r888,2017,1,"{'get': 6, 'even': 5, 'account': 5, 'deposit': 5, 'app': 4, 'try': 3, 'winnings': 3, 'spins': 3, 'open': 3, 'free': 3, 'bonus': 3, 'log': 3, 'red': 2, 'win': 2, 'money': 2, 'promised': 2, 'feel': 2, 'waste': 2, 'play': 2, 'making': 2, 'go': 2, 'sign': 2, 'never': 2, 'game': 2, 'far': 2, 'poker': 2, 'takes': 2, 'cheat': 2, 'dont': 2, 'times': 2}","{('free', 'spins'): 3, ('even', 'get'): 1, ('payne', 'pavne'): 1, ('round', 'circle'): 1, ('circle', 'far'): 1, ('far', 'go'): 1, ('go', 'wo'): 1, ('wo', 'even'): 1, ('even', 'open'): 1, ('open', 'google'): 1, ('google', 'isit'): 1, ('isit', 'name'): 1, ('name', 'dean'): 1, ('dean', 'payne'): 1, ('pavne', 'xx'): 1, ('open', 'says'): 1, ('xx', 'takes'): 1, ('takes', 'lot'): 1, ('lot', 'give'): 1, ('give', 'ca'): 1, ('ca', 'take'): 1, ('take', 'win'): 1, ('win', 'days'): 1, ('days', 'never'): 1, ('never', 'go'): 1, ('go', 'account'): 1, ('account', 'scam'): 1, ('says', 'round'): 1, ('try', 'open'): 1, ('receive', 'bonus'): 1}","{('even', 'get', 'past'): 1, ('bonus', 'deposit', 'absolute'): 1, ('round', 'circle', 'far'): 1, ('circle', 'far', 'go'): 1, ('far', 'go', 'wo'): 1, ('go', 'wo', 'even'): 1, ('wo', 'even', 'open'): 1, ('even', 'open', 'google'): 1, ('open', 'google', 'isit'): 1, ('google', 'isit', 'name'): 1, ('isit', 'name', 'dean'): 1, ('name', 'dean', 'payne'): 1, ('dean', 'payne', 'pavne'): 1, ('payne', 'pavne', 'xx'): 1, ('pavne', 'xx', 'takes'): 1, ('xx', 'takes', 'lot'): 1, ('takes', 'lot', 'give'): 1, ('lot', 'give', 'ca'): 1, ('give', 'ca', 'take'): 1, ('ca', 'take', 'win'): 1, ('take', 'win', 'days'): 1, ('win', 'days', 'never'): 1, ('days', 'never', 'go'): 1, ('never', 'go', 'account'): 1, ('go', 'account', 'scam'): 1, ('account', 'scam', 'receive'): 1, ('scam', 'receive', 'bonus'): 1, ('says', 'round', 'circle'): 1, ('open', 'says', 'round'): 1, ('try', 'open', 'says'): 1}"
0,r888,2017,2,"{'free': 2, 'spins': 2, 'got': 1, 'money': 1, 'transferred': 1, 'account': 1, 'bother': 1, 'european': 1, 'roulette': 1, 'let': 1, 'place': 1, 'chips': 1, 'anywhere': 1, 'promised': 1}","{('free', 'spins'): 2, ('got', 'free'): 1, ('spins', 'money'): 1, ('money', 'transferred'): 1, ('transferred', 'account'): 1, ('account', 'bother'): 1, ('bother', 'european'): 1, ('european', 'roulette'): 1, ('roulette', 'let'): 1, ('let', 'place'): 1, ('place', 'chips'): 1, ('chips', 'anywhere'): 1, ('anywhere', 'free'): 1, ('spins', 'promised'): 1}","{('got', 'free', 'spins'): 1, ('free', 'spins', 'money'): 1, ('spins', 'money', 'transferred'): 1, ('money', 'transferred', 'account'): 1, ('transferred', 'account', 'bother'): 1, ('account', 'bother', 'european'): 1, ('bother', 'european', 'roulette'): 1, ('european', 'roulette', 'let'): 1, ('roulette', 'let', 'place'): 1, ('let', 'place', 'chips'): 1, ('place', 'chips', 'anywhere'): 1, ('chips', 'anywhere', 'free'): 1, ('anywhere', 'free', 'spins'): 1, ('free', 'spins', 'promised'): 1}"
0,r888,2017,3,"{'good': 2, 'would': 2, 'bank': 2, 'app': 1, 'winnings': 1, 'ok': 1, 'dont': 1, 'try': 1, 'look': 1, 'account': 1, 'crashes': 1, 'put': 1, 'seem': 1, 'example': 1, 'bankroll': 1, 'want': 1, 'available': 1, 'need': 1, 'first': 1, 'verified': 1, 'withdraw': 1, 'cant': 1, 'easy': 1, 'deposit': 1, 'transfer': 1, 'especially': 1, 'comes': 1, 'wiring': 1, 'money': 1, 'asking': 1}","{('good', 'easy'): 1, ('easy', 'transfer'): 1, ('seem', 'withdraw'): 1, ('withdraw', 'winnings'): 1, ('winnings', 'ok'): 1, ('ok', 'dont'): 1, ('dont', 'try'): 1, ('try', 'look'): 1, ('look', 'account'): 1, ('account', 'crashes'): 1, ('crashes', 'app'): 1, ('app', 'put'): 1, ('put', 'bank'): 1, ('bank', 'example'): 1, ('example', 'bankroll'): 1, ('bankroll', 'want'): 1, ('want', 'bank'): 1, ('bank', 'available'): 1, ('available', 'need'): 1, ('need', 'first'): 1, ('first', 'verified'): 1, ('cant', 'seem'): 1, ('good', 'cant'): 1, ('deposit', 'good'): 1, ('like', 'bic'): 1, ('transfer', 'especially'): 1, ('especially', 'comes'): 1, ('comes', 'wiring'): 1, ('wiring', 'money'): 1, ('money', 'asking'): 1}","{('good', 'easy', 'transfer'): 1, ('crashes', 'app', 'put'): 1, ('seem', 'withdraw', 'winnings'): 1, ('withdraw', 'winnings', 'ok'): 1, ('winnings', 'ok', 'dont'): 1, ('ok', 'dont', 'try'): 1, ('dont', 'try', 'look'): 1, ('try', 'look', 'account'): 1, ('look', 'account', 'crashes'): 1, ('account', 'crashes', 'app'): 1, ('app', 'put', 'bank'): 1, ('good', 'cant', 'seem'): 1, ('put', 'bank', 'example'): 1, ('bank', 'example', 'bankroll'): 1, ('example', 'bankroll', 'want'): 1, ('bankroll', 'want', 'bank'): 1, ('want', 'bank', 'available'): 1, ('bank', 'available', 'need'): 1, ('available', 'need', 'first'): 1, ('need', 'first', 'verified'): 1, ('cant', 'seem', 'withdraw'): 1, ('deposit', 'good', 'cant'): 1, ('easy', 'transfer', 'especially'): 1, ('like', 'bic', 'iban'): 1, ('transfer', 'especially', 'comes'): 1, ('especially', 'comes', 'wiring'): 1, ('comes', 'wiring', 'money'): 1, ('wiring', 'money', 'asking'): 1, ('money', 'asking', 'sort'): 1, ('asking', 'sort', 'things'): 1}"
0,r888,2017,4,"{'app': 2, 'good': 1, 'like': 1}","{('good', 'app'): 1, ('app', 'like'): 1, ('like', 'app'): 1}","{('good', 'app', 'like'): 1, ('app', 'like', 'app'): 1}"
0,r888,2017,5,"{'good': 9, 'games': 8, 'great': 7, 'love': 6, 'site': 4, 'best': 3, 'game': 3, 'luck': 3, 'fun': 2, 'app': 2, 'amazing': 2, 'would': 2, 'brilliant': 2, 'bonuses': 2, 'payouts': 1, 'main': 1, 'plus': 1, 'many': 1, 'people': 1, 'playing': 1, 'time': 1, 'well': 1, 'losses': 1, 'recommend': 1, 'others': 1, 'aswell': 1, 'far': 1, 'winning': 1, 'say': 1, 'quality': 1}","{('love', 'games'): 2, ('good', 'win'): 1, ('aswell', 'far'): 1, ('amazing', 'games'): 1, ('bonuses', 'amazing'): 1, ('amazing', 'bonuses'): 1, ('site', 'amazing'): 1, ('quality', 'site'): 1, ('good', 'quality'): 1, ('say', 'good'): 1, ('would', 'say'): 1, ('winning', 'would'): 1, ('far', 'winning'): 1, ('others', 'aswell'): 1, ('live', 'games'): 1, ('recommend', 'others'): 1, ('would', 'recommend'): 1, ('games', 'would'): 1, ('well', 'love'): 1, ('time', 'well'): 1, ('playing', 'time'): 1, ('people', 'playing'): 1, ('many', 'people'): 1, ('plus', 'many'): 1, ('play', 'plus'): 1, ('games', 'best'): 1, ('best', 'ever'): 1, ('ever', 'played'): 1, ('great', 'great'): 1, ('game', 'holiday'): 1}","{('good', 'win', 'ago'): 1, ('live', 'games', 'play'): 1, ('amazing', 'games', 'best'): 1, ('bonuses', 'amazing', 'games'): 1, ('amazing', 'bonuses', 'amazing'): 1, ('site', 'amazing', 'bonuses'): 1, ('quality', 'site', 'amazing'): 1, ('good', 'quality', 'site'): 1, ('say', 'good', 'quality'): 1, ('would', 'say', 'good'): 1, ('winning', 'would', 'say'): 1, ('far', 'winning', 'would'): 1, ('aswell', 'far', 'winning'): 1, ('others', 'aswell', 'far'): 1, ('recommend', 'others', 'aswell'): 1, ('would', 'recommend', 'others'): 1, ('games', 'would', 'recommend'): 1, ('love', 'games', 'would'): 1, ('well', 'love', 'games'): 1, ('time', 'well', 'love'): 1, ('playing', 'time', 'well'): 1, ('people', 'playing', 'time'): 1, ('many', 'people', 'playing'): 1, ('plus', 'many', 'people'): 1, ('play', 'plus', 'many'): 1, ('games', 'best', 'ever'): 1, ('best', 'ever', 'played'): 1, ('ever', 'played', 'luck'): 1, ('app', 'great', 'great'): 1, ('love', 'game', 'holiday'): 1}"
0,r888,2018,1,"{'free': 16, 'app': 14, 'get': 12, 'deposit': 12, 'money': 11, 'even': 9, 'account': 8, 'let': 7, 'scam': 7, 'email': 7, 'play': 7, 'spins': 6, 'never': 6, 'absolute': 6, 'pounds': 5, 'sign': 5, 'dont': 5, 'time': 5, 'ca': 5, 'bank': 5, 'bad': 4, 'complete': 4, 'away': 4, 'bonus': 4, 'take': 4, 'game': 4, 'like': 4, 'pay': 4, 'garbage': 4, 'put': 4}","{('free', 'spins'): 5, ('even', 'let'): 3, ('get', 'free'): 3, ('complete', 'scam'): 2, ('minimum', 'deposit'): 2, ('free', 'bets'): 2, ('send', 'money'): 2, ('delete', 'account'): 2, ('never', 'got'): 2, ('got', 'free'): 2, ('money', 'bank'): 2, ('stay', 'away'): 2, ('absolute', 'rubbish'): 2, ('free', 'deposit'): 2, ('quid', 'free'): 2, ('bank', 'account'): 2, ('sign', 'offer'): 2, ('scam', 'dont'): 2, ('take', 'money'): 2, ('spins', 'quid'): 2, ('could', 'even'): 1, ('even', 'get'): 1, ('get', 'would'): 1, ('would', 'play'): 1, ('ur', 'time'): 1, ('play', 'landscape'): 1, ('landscape', 'mode'): 1, ('time', 'tell'): 1, ('mode', 'waste'): 1, ('waste', 'ur'): 1}","{('free', 'spins', 'quid'): 2, ('spins', 'quid', 'free'): 2, ('never', 'got', 'free'): 2, ('get', 'free', 'spins'): 2, ('report', 'pathetic', 'could'): 1, ('treat', 'customers', 'like'): 1, ('customers', 'like', 'get'): 1, ('like', 'get', 'away'): 1, ('get', 'away', 'well'): 1, ('away', 'well', 'going'): 1, ('well', 'going', 'report'): 1, ('going', 'report', 'pathetic'): 1, ('pathetic', 'could', 'even'): 1, ('absolute', 'disgrace', 'treat'): 1, ('could', 'even', 'get'): 1, ('even', 'get', 'would'): 1, ('get', 'would', 'play'): 1, ('would', 'play', 'landscape'): 1, ('play', 'landscape', 'mode'): 1, ('landscape', 'mode', 'waste'): 1, ('mode', 'waste', 'ur'): 1, ('disgrace', 'treat', 'customers'): 1, ('away', 'robbers', 'absolute'): 1, ('robbers', 'absolute', 'disgrace'): 1, ('pay', 'jump', 'hoops'): 1, ('b', 'take', 'money'): 1, ('take', 'money', 'instantly'): 1, ('money', 'instantly', 'win'): 1, ('instantly', 'win', 'take'): 1, ('win', 'take', 'week'): 1}"
0,r888,2018,2,"{'app': 4, 'even': 4, 'free': 4, 'signed': 2, 'bet': 2, 'register': 2, 'let': 2, 'get': 2, 'money': 1, 'account': 1, 'win': 1, 'play': 1, 'anywhere': 1, 'ca': 1, 'waste': 1, 'withdraw': 1, 'like': 1, 'fair': 1, 'loses': 1, 'connection': 1, 'every': 1, 'mins': 1, 'seriously': 1, 'slow': 1, 'deleted': 1, 'would': 1, 'catch': 1, 'didnt': 1, 'pound': 1, 'bonus': 1}","{('signed', 'could'): 1, ('withdraw', 'like'): 1, ('every', 'mins'): 1, ('connection', 'every'): 1, ('loses', 'connection'): 1, ('app', 'loses'): 1, ('fair', 'app'): 1, ('bet', 'fair'): 1, ('like', 'bet'): 1, ('ca', 'withdraw'): 1, ('seriously', 'slow'): 1, ('even', 'ca'): 1, ('anywhere', 'even'): 1, ('play', 'anywhere'): 1, ('win', 'play'): 1, ('catch', 'win'): 1, ('free', 'catch'): 1, ('get', 'free'): 1, ('mins', 'seriously'): 1, ('slow', 'would'): 1, ('could', 'even'): 1, ('logged', 'claimed'): 1, ('deleted', 'waste'): 1, ('surprise', 'deleted'): 1, ('account', 'surprise'): 1, ('money', 'account'): 1, ('oh', 'money'): 1, ('free', 'oh'): 1, ('claimed', 'free'): 1, ('signed', 'logged'): 1}","{('signed', 'could', 'even'): 1, ('withdraw', 'like', 'bet'): 1, ('every', 'mins', 'seriously'): 1, ('connection', 'every', 'mins'): 1, ('loses', 'connection', 'every'): 1, ('app', 'loses', 'connection'): 1, ('fair', 'app', 'loses'): 1, ('bet', 'fair', 'app'): 1, ('like', 'bet', 'fair'): 1, ('ca', 'withdraw', 'like'): 1, ('promotion', 'sign', 'get'): 1, ('even', 'ca', 'withdraw'): 1, ('anywhere', 'even', 'ca'): 1, ('play', 'anywhere', 'even'): 1, ('win', 'play', 'anywhere'): 1, ('catch', 'win', 'play'): 1, ('free', 'catch', 'win'): 1, ('get', 'free', 'catch'): 1, ('mins', 'seriously', 'slow'): 1, ('seriously', 'slow', 'would'): 1, ('slow', 'would', 'recommend'): 1, ('would', 'recommend', 'didnt'): 1, ('surprise', 'deleted', 'waste'): 1, ('account', 'surprise', 'deleted'): 1, ('money', 'account', 'surprise'): 1, ('oh', 'money', 'account'): 1, ('free', 'oh', 'money'): 1, ('claimed', 'free', 'oh'): 1, ('logged', 'claimed', 'free'): 1, ('signed', 'logged', 'claimed'): 1}"
0,r888,2018,3,"{'win': 7, 'play': 5, 'money': 4, 'ha': 4, 'fun': 3, 'know': 3, 'never': 3, 'free': 3, 'game': 3, 'thats': 3, 'dog': 2, 'night': 2, 'one': 2, 'also': 2, 'understand': 2, 'eat': 1, 'would': 1, 'anyone': 1, 'company': 1, 'forced': 1, 'heard': 1, 'deal': 1, 'chances': 1, 'playing': 1, 'safely': 1, 'think': 1, 'procedures': 1, 'even': 1, 'made': 1, 'heads': 1}","{('free', 'play'): 3, ('ha', 'ha'): 2, ('win', 'big'): 1, ('never', 'heard'): 1, ('heard', 'anyone'): 1, ('anyone', 'would'): 1, ('would', 'know'): 1, ('know', 'actually'): 1, ('actually', 'win'): 1, ('big', 'one'): 1, ('chances', 'ha'): 1, ('one', 'friends'): 1, ('friends', 'sits'): 1, ('sits', 'night'): 1, ('night', 'every'): 1, ('every', 'night'): 1, ('ha', 'never'): 1, ('good', 'load'): 1, ('huge', 'bump'): 1, ('game', 'chances'): 1, ('playing', 'game'): 1, ('safely', 'playing'): 1, ('think', 'safely'): 1, ('even', 'think'): 1, ('world', 'even'): 1, ('dog', 'world'): 1, ('eat', 'dog'): 1, ('dog', 'eat'): 1, ('know', 'dog'): 1, ('also', 'know'): 1}","{('good', 'load', 'times'): 1, ('actually', 'win', 'big'): 1, ('ha', 'never', 'heard'): 1, ('never', 'heard', 'anyone'): 1, ('heard', 'anyone', 'would'): 1, ('anyone', 'would', 'know'): 1, ('would', 'know', 'actually'): 1, ('know', 'actually', 'win'): 1, ('win', 'big', 'one'): 1, ('company', 'forced', 'deal'): 1, ('big', 'one', 'friends'): 1, ('one', 'friends', 'sits'): 1, ('friends', 'sits', 'night'): 1, ('sits', 'night', 'every'): 1, ('night', 'every', 'night'): 1, ('every', 'night', 'huge'): 1, ('ha', 'ha', 'never'): 1, ('chances', 'ha', 'ha'): 1, ('game', 'chances', 'ha'): 1, ('playing', 'game', 'chances'): 1, ('safely', 'playing', 'game'): 1, ('think', 'safely', 'playing'): 1, ('even', 'think', 'safely'): 1, ('world', 'even', 'think'): 1, ('dog', 'world', 'even'): 1, ('eat', 'dog', 'world'): 1, ('dog', 'eat', 'dog'): 1, ('know', 'dog', 'eat'): 1, ('also', 'know', 'dog'): 1, ('heads', 'also', 'know'): 1}"
0,r888,2018,4,"{'good': 8, 'great': 5, 'win': 4, 'get': 3, 'away': 2, 'winnings': 2, 'easy': 2, 'far': 2, 'spin': 2, 'sometimes': 2, 'enough': 2, 'app': 2, 'see': 2, 'spins': 2, 'also': 2, 'free': 2, 'like': 2, 'something': 2, 'bad': 2, 'betting': 1, 'think': 1, 'okay': 1, 'trying': 1, 'spend': 1, 'enjoyable': 1, 'tho': 1, 'werk': 1, 'occasionally': 1, 'use': 1, 'casino': 1}","{('free', 'spins'): 2, ('welcome', 'bonus'): 1, ('either', 'easily'): 1, ('trying', 'get'): 1, ('get', 'win'): 1, ('win', 'enough'): 1, ('enough', 'big'): 1, ('big', 'wins'): 1, ('wins', 'either'): 1, ('easily', 'see'): 1, ('spend', 'winnings'): 1, ('see', 'people'): 1, ('people', 'get'): 1, ('get', 'addicted'): 1, ('addicted', 'lose'): 1, ('lose', 'shirts'): 1, ('winnings', 'trying'): 1, ('easy', 'spend'): 1, ('bad', 'good'): 1, ('enjoyable', 'easy'): 1, ('good', 'enjoyable'): 1, ('tho', 'good'): 1, ('werk', 'tho'): 1, ('occasionally', 'werk'): 1, ('use', 'occasionally'): 1, ('casino', 'use'): 1, ('great', 'casino'): 1, ('games', 'great'): 1, ('alot', 'games'): 1, ('christmas', 'alot'): 1}","{('welcome', 'bonus', 'rubbish'): 1, ('easy', 'spend', 'winnings'): 1, ('addicted', 'lose', 'shirts'): 1, ('get', 'addicted', 'lose'): 1, ('people', 'get', 'addicted'): 1, ('see', 'people', 'get'): 1, ('easily', 'see', 'people'): 1, ('either', 'easily', 'see'): 1, ('wins', 'either', 'easily'): 1, ('big', 'wins', 'either'): 1, ('enough', 'big', 'wins'): 1, ('win', 'enough', 'big'): 1, ('get', 'win', 'enough'): 1, ('trying', 'get', 'win'): 1, ('winnings', 'trying', 'get'): 1, ('spend', 'winnings', 'trying'): 1, ('enjoyable', 'easy', 'spend'): 1, ('jokerpro', 'slot', 'wish'): 1, ('good', 'enjoyable', 'easy'): 1, ('tho', 'good', 'enjoyable'): 1, ('werk', 'tho', 'good'): 1, ('occasionally', 'werk', 'tho'): 1, ('use', 'occasionally', 'werk'): 1, ('casino', 'use', 'occasionally'): 1, ('great', 'casino', 'use'): 1, ('games', 'great', 'casino'): 1, ('alot', 'games', 'great'): 1, ('christmas', 'alot', 'games'): 1, ('wonderful', 'christmas', 'alot'): 1, ('could', 'wonderful', 'christmas'): 1}"
0,r888,2018,5,"{'good': 23, 'great': 11, 'love': 7, 'games': 7, 'app': 7, 'fun': 5, 'best': 5, 'game': 5, 'free': 5, 'brilliant': 4, 'really': 4, 'money': 4, 'one': 4, 'hours': 3, 'awesome': 3, 'easy': 3, 'deposit': 3, 'site': 3, 'far': 2, 'casino': 2, 'navigate': 2, 'wins': 2, 'use': 2, 'play': 2, 'depositing': 2, 'get': 2, 'amount': 2, 'bonus': 2, 'win': 2, 'deposited': 2}","{('good', 'game'): 4, ('great', 'app'): 4, ('game', 'good'): 2, ('pass', 'time'): 2, ('easy', 'use'): 2, ('games', 'good'): 2, ('far', 'good'): 2, ('app', 'good'): 2, ('good', 'buggers'): 1, ('alskk', 'good'): 1, ('ok', 'alskk'): 1, ('okay', 'ok'): 1, ('amazing', 'great'): 1, ('great', 'okay'): 1, ('one', 'little'): 1, ('nice', 'amazing'): 1, ('good', 'nice'): 1, ('good', 'good'): 1, ('brilliant', 'good'): 1, ('buggers', 'one'): 1, ('started', 'free'): 1, ('little', 'vault'): 1, ('vault', 'left'): 1, ('cool', 'brilliant'): 1, ('user', 'hands'): 1, ('hands', 'got'): 1, ('got', 'ta'): 1, ('ta', 'precise'): 1, ('precise', 'delay'): 1, ('delay', 'big'): 1}","{('started', 'free', 'spins'): 1, ('ok', 'alskk', 'good'): 1, ('vault', 'left', 'user'): 1, ('little', 'vault', 'left'): 1, ('one', 'little', 'vault'): 1, ('buggers', 'one', 'little'): 1, ('good', 'buggers', 'one'): 1, ('alskk', 'good', 'buggers'): 1, ('okay', 'ok', 'alskk'): 1, ('plenty', 'free', 'bets'): 1, ('great', 'okay', 'ok'): 1, ('amazing', 'great', 'okay'): 1, ('nice', 'amazing', 'great'): 1, ('good', 'nice', 'amazing'): 1, ('good', 'good', 'nice'): 1, ('brilliant', 'good', 'good'): 1, ('left', 'user', 'hands'): 1, ('user', 'hands', 'got'): 1, ('hands', 'got', 'ta'): 1, ('got', 'ta', 'precise'): 1, ('ta', 'precise', 'delay'): 1, ('precise', 'delay', 'big'): 1, ('delay', 'big', 'hit'): 1, ('big', 'hit', 'strike'): 1, ('hit', 'strike', 'long'): 1, ('strike', 'long', 'possible'): 1, ('long', 'possible', 'good'): 1, ('possible', 'good', 'job'): 1, ('good', 'job', 'anyway'): 1, ('job', 'anyway', 'good'): 1}"
0,r888,2019,1,"{'free': 56, 'money': 43, 'app': 43, 'get': 41, 'deposit': 40, 'play': 35, 'never': 28, 'spins': 27, 'bonus': 25, 'got': 22, 'win': 21, 'casino': 19, 'account': 19, 'even': 18, 'game': 17, 'email': 14, 'bet': 13, 'use': 13, 'one': 12, 'sign': 12, 'would': 12, 'still': 12, 'says': 11, 'back': 11, 'let': 11, 'scam': 11, 'lost': 11, 'give': 11, 'ca': 10, 'winnings': 10}","{('free', 'spins'): 25, ('get', 'free'): 10, ('free', 'play'): 9, ('never', 'got'): 8, ('false', 'advertising'): 6, ('waste', 'time'): 6, ('sign', 'bonus'): 5, ('avoid', 'avoid'): 5, ('let', 'play'): 4, ('first', 'deposit'): 4, ('never', 'received'): 4, ('free', 'deposit'): 4, ('even', 'get'): 4, ('time', 'money'): 4, ('play', 'deposit'): 4, ('take', 'money'): 4, ('get', 'sign'): 4, ('withdraw', 'money'): 3, ('wont', 'let'): 3, ('waste', 'money'): 3, ('app', 'ever'): 3, ('download', 'app'): 3, ('states', 'get'): 3, ('con', 'get'): 3, ('absolute', 'joke'): 3, ('wo', 'let'): 3, ('took', 'money'): 3, ('deposit', 'required'): 3, ('ca', 'even'): 3, ('deposit', 'needed'): 3}","{('waste', 'time', 'money'): 4, ('avoid', 'avoid', 'avoid'): 4, ('get', 'free', 'play'): 4, ('never', 'received', 'free'): 3, ('wo', 'let', 'play'): 3, ('states', 'get', 'free'): 3, ('get', 'free', 'spins'): 3, ('got', 'free', 'spins'): 2, ('free', 'spins', 'download'): 2, ('recieved', 'sign', 'bonus'): 2, ('free', 'spins', 'deposit'): 2, ('worst', 'casino', 'ever'): 2, ('deposited', 'never', 'got'): 2, ('get', 'sign', 'bonus'): 2, ('received', 'free', 'spins'): 2, ('never', 'got', 'bonus'): 2, ('deposit', 'wont', 'let'): 2, ('let', 'play', 'untill'): 2, ('free', 'spins', 'never'): 2, ('spins', 'never', 'got'): 2, ('worst', 'app', 'ever'): 2, ('next', 'day', 'worst'): 1, ('day', 'worst', 'app'): 1, ('ever', 'played', 'blackjack'): 1, ('app', 'ever', 'played'): 1, ('takes', 'away', 'next'): 1, ('played', 'blackjack', 'dealer'): 1, ('blackjack', 'dealer', 'got'): 1, ('dealer', 'got', 'blackjack'): 1, ('got', 'blackjack', 'times'): 1}"
0,r888,2019,2,"{'free': 6, 'bonus': 5, 'games': 5, 'money': 5, 'win': 4, 'app': 4, 'good': 3, 'pounds': 3, 'received': 3, 'back': 3, 'pound': 3, 'bank': 2, 'got': 2, 'click': 2, 'days': 2, 'playing': 2, 'show': 2, 'casino': 2, 'deposit': 2, 'advertised': 2, 'get': 2, 'fair': 2, 'time': 2, 'bets': 2, 'spin': 2, 'game': 2, 'still': 2, 'quite': 2, 'use': 2, 'well': 2}","{('get', 'free'): 2, ('free', 'spins'): 2, ('good', 'games'): 1, ('received', 'shame'): 1, ('bonus', 'advertised'): 1, ('advertised', 'received'): 1, ('received', 'email'): 1, ('email', 'yet'): 1, ('yet', 'advertised'): 1, ('advertised', 'getting'): 1, ('getting', 'pounds'): 1, ('pounds', 'deposit'): 1, ('deposit', 'never'): 1, ('never', 'actually'): 1, ('actually', 'received'): 1, ('hi', 'playing'): 1, ('shame', 'hi'): 1, ('expecting', 'deposit'): 1, ('playing', 'days'): 1, ('days', 'waiting'): 1, ('waiting', 'transferred'): 1, ('transferred', 'bank'): 1, ('bank', 'account'): 1, ('account', 'done'): 1, ('done', 'weekend'): 1, ('weekend', 'money'): 1, ('money', 'yet'): 1, ('yet', 'free'): 1, ('deposit', 'bonus'): 1, ('ago', 'expecting'): 1}","{('good', 'games', 'get'): 1, ('games', 'get', 'free'): 1, ('bonus', 'advertised', 'received'): 1, ('advertised', 'received', 'email'): 1, ('received', 'email', 'yet'): 1, ('email', 'yet', 'advertised'): 1, ('yet', 'advertised', 'getting'): 1, ('advertised', 'getting', 'pounds'): 1, ('getting', 'pounds', 'deposit'): 1, ('pounds', 'deposit', 'never'): 1, ('deposit', 'never', 'actually'): 1, ('never', 'actually', 'received'): 1, ('actually', 'received', 'shame'): 1, ('received', 'shame', 'hi'): 1, ('shame', 'hi', 'playing'): 1, ('hi', 'playing', 'days'): 1, ('playing', 'days', 'waiting'): 1, ('days', 'waiting', 'transferred'): 1, ('waiting', 'transferred', 'bank'): 1, ('transferred', 'bank', 'account'): 1, ('bank', 'account', 'done'): 1, ('account', 'done', 'weekend'): 1, ('done', 'weekend', 'money'): 1, ('weekend', 'money', 'yet'): 1, ('money', 'yet', 'free'): 1, ('yet', 'free', 'fake'): 1, ('free', 'fake', 'cash'): 1, ('deposit', 'bonus', 'advertised'): 1, ('expecting', 'deposit', 'bonus'): 1, ('ago', 'expecting', 'deposit'): 1}"
0,r888,2019,3,"{'money': 4, 'get': 4, 'free': 4, 'win': 4, 'good': 4, 'ok': 3, 'days': 3, 'still': 3, 'play': 3, 'casino': 2, 'paid': 2, 'fun': 2, 'another': 2, 'yet': 2, 'never': 2, 'need': 2, 'got': 2, 'alot': 2, 'games': 2, 'quid': 2, 'resulting': 1, 'low': 1, 'please': 1, 'insure': 1, 'looks': 1, 'far': 1, 'loss': 1, 'chamge': 1, 'would': 1, 'backmplaying': 1}","{('days', 'money'): 2, ('another', 'days'): 2, ('still', 'another'): 2, ('people', 'saying'): 1, ('spins', 'issues'): 1, ('fun', 'ca'): 1, ('ca', 'wait'): 1, ('wait', 'play'): 1, ('play', 'signed'): 1, ('signed', 'find'): 1, ('find', 'free'): 1, ('free', 'spins'): 1, ('crashing', 'whole'): 1, ('issues', 'crashing'): 1, ('good', 'games'): 1, ('whole', 'v'): 1, ('v', 'good'): 1, ('good', 'good'): 1, ('good', 'casino'): 1, ('casino', 'couple'): 1, ('looks', 'fun'): 1, ('far', 'looks'): 1, ('money', 'far'): 1, ('loss', 'money'): 1, ('chamge', 'would'): 1, ('would', 'backmplaying'): 1, ('backmplaying', 'often'): 1, ('often', 'everytime'): 1, ('everytime', 'puts'): 1, ('puts', 'alot'): 1}","{('another', 'days', 'money'): 2, ('still', 'another', 'days'): 2, ('people', 'saying', 'get'): 1, ('find', 'free', 'spins'): 1, ('far', 'looks', 'fun'): 1, ('looks', 'fun', 'ca'): 1, ('fun', 'ca', 'wait'): 1, ('ca', 'wait', 'play'): 1, ('wait', 'play', 'signed'): 1, ('play', 'signed', 'find'): 1, ('signed', 'find', 'free'): 1, ('spins', 'issues', 'crashing'): 1, ('free', 'spins', 'issues'): 1, ('couple', 'good', 'games'): 1, ('issues', 'crashing', 'whole'): 1, ('crashing', 'whole', 'v'): 1, ('whole', 'v', 'good'): 1, ('v', 'good', 'good'): 1, ('good', 'good', 'casino'): 1, ('good', 'casino', 'couple'): 1, ('money', 'far', 'looks'): 1, ('loss', 'money', 'far'): 1, ('resulting', 'loss', 'money'): 1, ('fault', 'resulting', 'loss'): 1, ('please', 'insure', 'chamge'): 1, ('insure', 'chamge', 'would'): 1, ('chamge', 'would', 'backmplaying'): 1, ('would', 'backmplaying', 'often'): 1, ('backmplaying', 'often', 'everytime'): 1, ('often', 'everytime', 'puts'): 1}"
0,r888,2019,4,"{'good': 17, 'games': 8, 'great': 8, 'free': 7, 'get': 7, 'app': 3, 'site': 3, 'bonus': 3, 'would': 3, 'spins': 3, 'u': 3, 'slow': 2, 'little': 2, 'work': 2, 'fun': 2, 'game': 2, 'cash': 2, 'well': 2, 'ok': 2, 'casino': 2, 'wins': 2, 'play': 2, 'change': 1, 'balance': 1, 'help': 1, 'impossible': 1, 'please': 1, 'use': 1, 'tablet': 1, 'tho': 1}","{('get', 'free'): 3, ('free', 'spins'): 3, ('great', 'games'): 2, ('good', 'good'): 2, ('good', 'site'): 2, ('free', 'play'): 2, ('good', 'ok'): 2, ('games', 'good'): 2, ('without', 'deposit'): 1, ('please', 'help'): 1, ('help', 'cash'): 1, ('cash', 'bonus'): 1, ('bonus', 'balance'): 1, ('balance', 'blackjack'): 1, ('blackjack', 'without'): 1, ('think', 'good'): 1, ('deposit', 'thank'): 1, ('thank', 'u'): 1, ('use', 'please'): 1, ('xx', 'keeps'): 1, ('keeps', 'entertianed'): 1, ('entertianed', 'work'): 1, ('work', 'good'): 1, ('good', 'gambling'): 1, ('u', 'xx'): 1, ('games', 'games'): 1, ('tablet', 'use'): 1, ('lol', 'thanks'): 1, ('details', 'good'): 1, ('site', 'would'): 1}","{('think', 'good', 'site'): 1, ('help', 'cash', 'bonus'): 1, ('bonus', 'balance', 'blackjack'): 1, ('balance', 'blackjack', 'without'): 1, ('blackjack', 'without', 'deposit'): 1, ('without', 'deposit', 'thank'): 1, ('deposit', 'thank', 'u'): 1, ('thank', 'u', 'xx'): 1, ('u', 'xx', 'keeps'): 1, ('xx', 'keeps', 'entertianed'): 1, ('keeps', 'entertianed', 'work'): 1, ('entertianed', 'work', 'good'): 1, ('work', 'good', 'gambling'): 1, ('good', 'gambling', 'app'): 1, ('gambling', 'app', 'fun'): 1, ('app', 'fun', 'little'): 1, ('fun', 'little', 'bets'): 1, ('little', 'bets', 'good'): 1, ('bets', 'good', 'mix'): 1, ('cash', 'bonus', 'balance'): 1, ('please', 'help', 'cash'): 1, ('bank', 'details', 'good'): 1, ('use', 'please', 'help'): 1, ('good', 'site', 'would'): 1, ('site', 'would', 'love'): 1, ('would', 'love', 'free'): 1, ('love', 'free', 'spins'): 1, ('free', 'spins', 'tho'): 1, ('spins', 'tho', 'lol'): 1, ('tho', 'lol', 'thanks'): 1}"
0,r888,2019,5,"{'good': 83, 'great': 53, 'app': 39, 'games': 22, 'fun': 22, 'win': 15, 'brilliant': 14, 'love': 14, 'casino': 13, 'play': 10, 'best': 10, 'easy': 10, 'game': 10, 'site': 9, 'amazing': 8, 'money': 8, 'excellent': 8, 'free': 8, 'use': 7, 'well': 6, 'nice': 6, 'really': 6, 'spins': 5, 'big': 5, 'wins': 5, 'played': 4, 'ever': 4, 'also': 4, 'vegas': 4, 'cool': 4}","{('good', 'good'): 15, ('great', 'app'): 12, ('good', 'app'): 9, ('app', 'good'): 8, ('good', 'great'): 7, ('good', 'fun'): 6, ('easy', 'use'): 6, ('great', 'games'): 6, ('games', 'good'): 5, ('great', 'great'): 5, ('fun', 'good'): 5, ('really', 'good'): 4, ('great', 'fun'): 4, ('good', 'brilliant'): 4, ('free', 'spins'): 4, ('love', 'app'): 4, ('great', 'good'): 4, ('good', 'game'): 3, ('app', 'games'): 3, ('big', 'win'): 3, ('excellent', 'good'): 3, ('amazing', 'good'): 3, ('great', 'casino'): 3, ('great', 'love'): 3, ('banking', 'system'): 2, ('games', 'really'): 2, ('app', 'enjoy'): 2, ('nice', 'excellent'): 2, ('excellent', 'app'): 2, ('app', 'great'): 2}","{('good', 'good', 'good'): 5, ('great', 'casino', 'good'): 2, ('cards', 'vegas', 'lotto'): 2, ('good', 'good', 'casino'): 2, ('app', 'works', 'well'): 2, ('passed', 'banking', 'system'): 2, ('banking', 'system', 'win'): 2, ('system', 'win', 'games'): 2, ('games', 'cards', 'vegas'): 2, ('vegas', 'lotto', 'vegas'): 2, ('great', 'app', 'good'): 2, ('lotto', 'vegas', 'bet'): 2, ('good', 'brilliant', 'fun'): 2, ('great', 'great', 'good'): 2, ('best', 'casino', 'ever'): 2, ('good', 'pay', 'outs'): 2, ('app', 'good', 'good'): 2, ('good', 'fun', 'good'): 2, ('win', 'games', 'cards'): 2, ('good', 'app', 'good'): 2, ('yet', 'hoping', 'good'): 1, ('go', 'good', 'app'): 1, ('great', 'site', 'happy'): 1, ('site', 'happy', 'good'): 1, ('happy', 'good', 'app'): 1, ('good', 'app', 'mint'): 1, ('app', 'mint', 'app'): 1, ('mint', 'app', 'gambling'): 1, ('app', 'gambling', 'go'): 1, ('gambling', 'go', 'good'): 1}"
0,r888,2020,1,"{'money': 96, 'free': 83, 'bonus': 67, 'play': 62, 'app': 61, 'get': 57, 'win': 40, 'spins': 38, 'deposit': 37, 'even': 37, 'time': 35, 'games': 34, 'game': 33, 'account': 32, 'scam': 29, 'would': 28, 'got': 26, 'take': 25, 'ca': 24, 'withdraw': 22, 'never': 21, 'back': 21, 'avoid': 21, 'deposited': 19, 'use': 19, 'casino': 18, 'let': 18, 'still': 18, 'ever': 17, 'waste': 17}","{('free', 'spins'): 32, ('waste', 'time'): 16, ('take', 'money'): 14, ('welcome', 'bonus'): 12, ('get', 'free'): 10, ('ca', 'even'): 9, ('avoid', 'avoid'): 8, ('free', 'play'): 7, ('internet', 'connection'): 6, ('free', 'money'): 6, ('app', 'ever'): 6, ('saying', 'internet'): 6, ('u', 'get'): 5, ('stay', 'away'): 5, ('money', 'ca'): 5, ('even', 'get'): 5, ('play', 'games'): 5, ('never', 'received'): 4, ('get', 'bonus'): 4, ('got', 'free'): 4, ('free', 'deposit'): 4, ('lose', 'lose'): 4, ('much', 'better'): 4, ('wo', 'let'): 4, ('deposit', 'required'): 4, ('received', 'free'): 4, ('false', 'advertising'): 4, ('money', 'back'): 4, ('put', 'money'): 4, ('sign', 'bonus'): 4}","{('saying', 'internet', 'connection'): 4, ('avoid', 'avoid', 'avoid'): 4, ('get', 'money', 'back'): 3, ('never', 'received', 'free'): 3, ('ca', 'access', 'account'): 3, ('ca', 'even', 'get'): 3, ('would', 'give', 'stars'): 3, ('lines', 'mellons', 'grapes'): 2, ('app', 'ever', 'used'): 2, ('get', 'welcome', 'bonus'): 2, ('received', 'free', 'spins'): 2, ('signed', 'free', 'bet'): 2, ('unless', 'id', 'verified'): 2, ('worst', 'experience', 'ever'): 2, ('winnings', 'unless', 'id'): 2, ('wo', 'pay', 'winnings'): 2, ('quick', 'take', 'money'): 2, ('money', 'ca', 'even'): 2, ('dont', 'waste', 'time'): 2, ('win', 'ca', 'withdraw'): 2, ('around', 'able', 'withdraw'): 2, ('lose', 'lose', 'lose'): 2, ('free', 'spins', 'free'): 2, ('free', 'deposit', 'required'): 2, ('give', 'stars', 'could'): 2, ('ca', 'even', 'play'): 2, ('free', 'spins', 'deposit'): 2, ('worst', 'app', 'ever'): 2, ('got', 'free', 'spins'): 2, ('pay', 'winnings', 'unless'): 2}"
0,r888,2020,2,"{'app': 9, 'time': 4, 'game': 4, 'ca': 3, 'first': 3, 'win': 3, 'country': 3, 'back': 3, 'get': 3, 'wo': 3, 'free': 3, 'games': 3, 'crashes': 3, 'waiting': 3, 'playing': 3, 'live': 2, 'still': 2, 'bonus': 2, 'work': 2, 'said': 2, 'even': 2, 'though': 2, 'ok': 2, 'hours': 2, 'fruit': 2, 'never': 2, 'play': 2, 'allowed': 2, 'money': 2, 'would': 2}","{('allowed', 'win'): 2, ('get', 'back'): 2, ('ok', 'works'): 1, ('app', 'wo'): 1, ('ca', 'restrictions'): 1, ('restrictions', 'country'): 1, ('country', 'please'): 1, ('please', 'game'): 1, ('game', 'crashes'): 1, ('crashes', 'right'): 1, ('right', 'wrong'): 1, ('wrong', 'time'): 1, ('time', 'funny'): 1, ('funny', 'downloaded'): 1, ('downloaded', 'app'): 1, ('wo', 'load'): 1, ('back', 'telling'): 1, ('load', 'keeps'): 1, ('keeps', 'saying'): 1, ('saying', 'otherised'): 1, ('otherised', 'country'): 1, ('country', 'slow'): 1, ('slow', 'playing'): 1, ('playing', 'quick'): 1, ('quick', 'take'): 1, ('take', 'money'): 1, ('money', 'tried'): 1, ('tried', 'open'): 1, ('open', 'app'): 1, ('telling', 'ca'): 1}","{('ok', 'works', 'playing'): 1, ('funny', 'downloaded', 'app'): 1, ('get', 'back', 'telling'): 1, ('back', 'telling', 'ca'): 1, ('telling', 'ca', 'restrictions'): 1, ('ca', 'restrictions', 'country'): 1, ('restrictions', 'country', 'please'): 1, ('country', 'please', 'game'): 1, ('please', 'game', 'crashes'): 1, ('game', 'crashes', 'right'): 1, ('crashes', 'right', 'wrong'): 1, ('right', 'wrong', 'time'): 1, ('wrong', 'time', 'funny'): 1, ('time', 'funny', 'downloaded'): 1, ('downloaded', 'app', 'wo'): 1, ('open', 'app', 'said'): 1, ('app', 'wo', 'load'): 1, ('wo', 'load', 'keeps'): 1, ('load', 'keeps', 'saying'): 1, ('keeps', 'saying', 'otherised'): 1, ('saying', 'otherised', 'country'): 1, ('otherised', 'country', 'slow'): 1, ('country', 'slow', 'playing'): 1, ('slow', 'playing', 'quick'): 1, ('playing', 'quick', 'take'): 1, ('quick', 'take', 'money'): 1, ('take', 'money', 'tried'): 1, ('money', 'tried', 'open'): 1, ('trying', 'get', 'back'): 1, ('playing', 'trying', 'get'): 1}"
0,r888,2020,3,"{'win': 4, 'app': 4, 'anything': 4, 'play': 3, 'ok': 3, 'real': 3, 'amount': 2, 'bonus': 2, 'problem': 2, 'great': 2, 'actually': 2, 'ever': 1, 'use': 1, 'scam': 1, 'worst': 1, 'casino': 1, 'lucky': 1, 'broken': 1, 'least': 1, 'usability': 1, 'sometimes': 1, 'sign': 1, 'haha': 1, 'try': 1, 'log': 1, 'suppose': 1, 'comes': 1, 'saying': 1, 'rate': 1, 'even': 1}","{('win', 'anything'): 3, ('actually', 'win'): 2, ('got', 'free'): 1, ('ever', 'scam'): 1, ('lucky', 'haha'): 1, ('sometimes', 'lucky'): 1, ('ok', 'sometimes'): 1, ('use', 'ok'): 1, ('app', 'use'): 1, ('scam', 'app'): 1, ('app', 'ever'): 1, ('try', 'log'): 1, ('casino', 'app'): 1, ('worst', 'casino'): 1, ('broken', 'worst'): 1, ('least', 'broken'): 1, ('great', 'least'): 1, ('usability', 'great'): 1, ('interface', 'usability'): 1, ('suppose', 'interface'): 1, ('haha', 'try'): 1, ('sign', 'comes'): 1, ('log', 'sign'): 1, ('good', 'seem'): 1, ('slow', 'app'): 1, ('ok', 'slow'): 1, ('great', 'ok'): 1, ('real', 'great'): 1, ('play', 'real'): 1, ('anything', 'play'): 1}","{('actually', 'win', 'anything'): 2, ('got', 'free', 'maximum'): 1, ('app', 'ever', 'scam'): 1, ('lucky', 'haha', 'try'): 1, ('sometimes', 'lucky', 'haha'): 1, ('ok', 'sometimes', 'lucky'): 1, ('use', 'ok', 'sometimes'): 1, ('app', 'use', 'ok'): 1, ('scam', 'app', 'use'): 1, ('ever', 'scam', 'app'): 1, ('casino', 'app', 'ever'): 1, ('try', 'log', 'sign'): 1, ('worst', 'casino', 'app'): 1, ('broken', 'worst', 'casino'): 1, ('least', 'broken', 'worst'): 1, ('great', 'least', 'broken'): 1, ('usability', 'great', 'least'): 1, ('interface', 'usability', 'great'): 1, ('suppose', 'interface', 'usability'): 1, ('working', 'suppose', 'interface'): 1, ('haha', 'try', 'log'): 1, ('log', 'sign', 'comes'): 1, ('country', 'residence', 'working'): 1, ('good', 'seem', 'win'): 1, ('ok', 'slow', 'app'): 1, ('great', 'ok', 'slow'): 1, ('real', 'great', 'ok'): 1, ('play', 'real', 'great'): 1, ('anything', 'play', 'real'): 1, ('win', 'anything', 'play'): 1}"
0,r888,2020,4,"{'good': 6, 'app': 6, 'great': 4, 'games': 3, 'issues': 3, 'win': 3, 'get': 2, 'got': 2, 'connection': 2, 'cost': 2, 'ca': 2, 'little': 2, 'play': 2, 'well': 2, 'free': 2, 'cool': 2, 'bonus': 2, 'game': 1, 'persevere': 1, 'happens': 1, 'see': 1, 'used': 1, 'quite': 1, 'na': 1, 'deleted': 1, 'gon': 1, 'atall': 1, 'lot': 1, 'easy': 1, 'blocked': 1}","{('connection', 'issues'): 2, ('great', 'app'): 2, ('signed', 'free'): 1, ('see', 'happens'): 1, ('good', 'lag'): 1, ('otherwise', 'good'): 1, ('games', 'otherwise'): 1, ('slow', 'games'): 1, ('fun', 'slow'): 1, ('confusing', 'fun'): 1, ('little', 'confusing'): 1, ('navigate', 'little'): 1, ('easy', 'navigate'): 1, ('app', 'easy'): 1, ('happens', 'great'): 1, ('persevere', 'see'): 1, ('app', 'cost'): 1, ('na', 'persevere'): 1, ('gon', 'na'): 1, ('atall', 'gon'): 1, ('get', 'atall'): 1, ('ca', 'get'): 1, ('anymore', 'ca'): 1, ('play', 'anymore'): 1, ('app', 'play'): 1, ('deleted', 'app'): 1, ('game', 'deleted'): 1, ('blocked', 'game'): 1, ('got', 'blocked'): 1, ('lot', 'got'): 1}","{('signed', 'free', 'play'): 1, ('persevere', 'see', 'happens'): 1, ('good', 'lag', 'app'): 1, ('otherwise', 'good', 'lag'): 1, ('games', 'otherwise', 'good'): 1, ('slow', 'games', 'otherwise'): 1, ('fun', 'slow', 'games'): 1, ('confusing', 'fun', 'slow'): 1, ('little', 'confusing', 'fun'): 1, ('navigate', 'little', 'confusing'): 1, ('easy', 'navigate', 'little'): 1, ('app', 'easy', 'navigate'): 1, ('great', 'app', 'easy'): 1, ('happens', 'great', 'app'): 1, ('see', 'happens', 'great'): 1, ('na', 'persevere', 'see'): 1, ('free', 'play', 'first'): 1, ('gon', 'na', 'persevere'): 1, ('atall', 'gon', 'na'): 1, ('get', 'atall', 'gon'): 1, ('ca', 'get', 'atall'): 1, ('anymore', 'ca', 'get'): 1, ('play', 'anymore', 'ca'): 1, ('app', 'play', 'anymore'): 1, ('deleted', 'app', 'play'): 1, ('game', 'deleted', 'app'): 1, ('blocked', 'game', 'deleted'): 1, ('got', 'blocked', 'game'): 1, ('lot', 'got', 'blocked'): 1, ('quite', 'lot', 'got'): 1}"
0,r888,2020,5,"{'good': 33, 'great': 19, 'best': 8, 'app': 8, 'games': 7, 'please': 6, 'bonus': 5, 'fun': 5, 'game': 4, 'love': 4, 'casino': 4, 'know': 4, 'site': 4, 'days': 4, 'ok': 4, 'online': 3, 'let': 3, 'even': 3, 'ca': 3, 'get': 3, 'free': 3, 'nice': 3, 'cash': 3, 'also': 3, 'win': 3, 'deposit': 3, 'thanks': 2, 'decent': 2, 'could': 2, 'machines': 2}","{('good', 'good'): 6, ('great', 'good'): 4, ('good', 'app'): 3, ('great', 'great'): 3, ('please', 'let'): 3, ('good', 'great'): 3, ('let', 'know'): 3, ('know', 'ca'): 3, ('good', 'games'): 3, ('ca', 'believe'): 2, ('believe', 'please'): 2, ('good', 'best'): 2, ('best', 'good'): 2, ('app', 'good'): 2, ('games', 'great'): 2, ('days', 'win'): 2, ('great', 'games'): 2, ('good', 'game'): 2, ('fun', 'wicked'): 1, ('much', 'fun'): 1, ('great', 'much'): 1, ('eyes', 'great'): 1, ('site', 'eyes'): 1, ('top', 'site'): 1, ('game', 'top'): 1, ('wicked', 'treated'): 1, ('treated', 'fun'): 1, ('fun', 'know'): 1, ('know', 'limits'): 1, ('limits', 'good'): 1}","{('let', 'know', 'ca'): 3, ('please', 'let', 'know'): 3, ('believe', 'please', 'let'): 2, ('ca', 'believe', 'please'): 2, ('great', 'good', 'good'): 2, ('great', 'great', 'good'): 2, ('good', 'great', 'great'): 2, ('good', 'app', 'good'): 2, ('good', 'best', 'good'): 2, ('good', 'good', 'best'): 2, ('know', 'ca', 'believe'): 2, ('cs', 'edited', 'problem'): 1, ('good', 'app', 'hope'): 1, ('wicked', 'treated', 'fun'): 1, ('treated', 'fun', 'know'): 1, ('good', 'games', 'best'): 1, ('fun', 'know', 'limits'): 1, ('know', 'limits', 'good'): 1, ('limits', 'good', 'app'): 1, ('casino', 'good', 'games'): 1, ('edited', 'problem', 'mistake'): 1, ('app', 'hope', 'good'): 1, ('hope', 'good', 'cs'): 1, ('good', 'casino', 'good'): 1, ('sorry', 'good', 'casino'): 1, ('good', 'cs', 'edited'): 1, ('problem', 'mistake', 'sorry'): 1, ('mistake', 'sorry', 'good'): 1, ('used', 'app', 'slot'): 1, ('much', 'fun', 'wicked'): 1}"
0,r888,2021,1,"{'money': 122, 'app': 106, 'get': 79, 'play': 74, 'bonus': 65, 'win': 62, 'deposit': 60, 'free': 56, 'account': 40, 'casino': 36, 'even': 34, 'never': 34, 'like': 34, 'put': 32, 'time': 30, 'back': 29, 'country': 27, 'would': 27, 'use': 25, 'site': 25, 'uk': 24, 'ca': 24, 'game': 24, 'avoid': 23, 'scam': 22, 'still': 22, 'give': 22, 'got': 21, 'says': 21, 'ever': 20}","{('free', 'play'): 15, ('free', 'spins'): 13, ('get', 'free'): 9, ('waste', 'time'): 8, ('welcome', 'bonus'): 8, ('put', 'money'): 8, ('stay', 'away'): 8, ('even', 'though'): 7, ('deposit', 'money'): 7, ('country', 'residence'): 7, ('get', 'bonus'): 6, ('false', 'advertisement'): 6, ('waste', 'money'): 6, ('use', 'app'): 6, ('lose', 'money'): 5, ('absolute', 'joke'): 5, ('gon', 'na'): 5, ('deposit', 'needed'): 5, ('take', 'money'): 5, ('bonus', 'deposit'): 5, ('bank', 'account'): 5, ('deposit', 'bonus'): 4, ('worst', 'casino'): 4, ('chance', 'win'): 4, ('took', 'money'): 4, ('ca', 'withdraw'): 4, ('wo', 'let'): 4, ('would', 'recommend'): 4, ('play', 'app'): 4, ('casino', 'app'): 4}","{('free', 'spins', 'win'): 4, ('free', 'play', 'deposit'): 4, ('want', 'lose', 'money'): 3, ('due', 'regulations', 'app'): 3, ('regulations', 'app', 'used'): 3, ('avoid', 'like', 'plague'): 3, ('app', 'used', 'country'): 3, ('used', 'country', 'residence'): 3, ('get', 'free', 'play'): 3, ('get', 'welcome', 'bonus'): 3, ('saying', 'allowed', 'country'): 2, ('worst', 'gambling', 'app'): 2, ('gon', 'na', 'win'): 2, ('get', 'money', 'back'): 2, ('get', 'free', 'spins'): 2, ('google', 'play', 'store'): 2, ('deposit', 'order', 'get'): 2, ('gave', 'star', 'could'): 2, ('absolute', 'joke', 'site'): 2, ('many', 'apps', 'one'): 2, ('would', 'let', 'sign'): 2, ('never', 'got', 'bonus'): 2, ('play', 'deposit', 'needed'): 2, ('claim', 'free', 'bonus'): 2, ('chance', 'win', 'anything'): 2, ('says', 'restricted', 'country'): 2, ('get', 'pound', 'free'): 2, ('ca', 'get', 'money'): 2, ('get', 'play', 'free'): 2, ('least', 'let', 'win'): 2}"
0,r888,2021,2,"{'app': 11, 'country': 9, 'uk': 7, 'restricted': 6, 'money': 6, 'get': 6, 'play': 5, 'ca': 5, 'going': 4, 'free': 4, 'winnings': 4, 'account': 4, 'good': 3, 'saying': 3, 'tried': 3, 'really': 3, 'given': 3, 'says': 3, 'time': 3, 'enough': 2, 'able': 2, 'keeps': 2, 'used': 2, 'sent': 2, 'keep': 2, 'id': 2, 'ask': 2, 'even': 2, 'slots': 2, 'take': 2}","{('restricted', 'country'): 4, ('access', 'account'): 2, ('uk', 'app'): 2, ('says', 'restricted'): 2, ('keeps', 'saying'): 2, ('get', 'given'): 2, ('going', 'crazy'): 1, ('told', 'due'): 1, ('refresh', 'told'): 1, ('tried', 'refresh'): 1, ('crazy', 'tried'): 1, ('started', 'going'): 1, ('regulations', 'app'): 1, ('sign', 'started'): 1, ('tried', 'sign'): 1, ('app', 'tried'): 1, ('downloaded', 'app'): 1, ('shocking', 'downloaded'): 1, ('removed', 'shocking'): 1, ('instantly', 'removed'): 1, ('due', 'regulations'): 1, ('used', 'country'): 1, ('app', 'used'): 1, ('maximum', 'win'): 1, ('freeplay', 'joined'): 1, ('pound', 'freeplay'): 1, ('says', 'pound'): 1, ('lying', 'says'): 1, ('absolutely', 'lying'): 1, ('thanks', 'absolutely'): 1}","{('says', 'restricted', 'country'): 2, ('contacting', 'customer', 'service'): 1, ('crazy', 'tried', 'refresh'): 1, ('used', 'country', 'region'): 1, ('app', 'used', 'country'): 1, ('regulations', 'app', 'used'): 1, ('due', 'regulations', 'app'): 1, ('told', 'due', 'regulations'): 1, ('refresh', 'told', 'due'): 1, ('tried', 'refresh', 'told'): 1, ('going', 'crazy', 'tried'): 1, ('region', 'country', 'uk'): 1, ('started', 'going', 'crazy'): 1, ('sign', 'started', 'going'): 1, ('tried', 'sign', 'started'): 1, ('app', 'tried', 'sign'): 1, ('downloaded', 'app', 'tried'): 1, ('shocking', 'downloaded', 'app'): 1, ('removed', 'shocking', 'downloaded'): 1, ('country', 'region', 'country'): 1, ('country', 'uk', 'app'): 1, ('win', 'instantly', 'removed'): 1, ('lying', 'says', 'pound'): 1, ('called', 'freeplay', 'another'): 1, ('receive', 'called', 'freeplay'): 1, ('never', 'receive', 'called'): 1, ('joined', 'never', 'receive'): 1, ('freeplay', 'joined', 'never'): 1, ('pound', 'freeplay', 'joined'): 1, ('says', 'pound', 'freeplay'): 1}"
0,r888,2021,3,"{'bonus': 5, 'money': 4, 'good': 4, 'win': 4, 'great': 4, 'one': 3, 'app': 3, 'get': 3, 'play': 3, 'time': 3, 'long': 2, 'fun': 2, 'deposit': 2, 'thanks': 2, 'know': 2, 'yet': 2, 'least': 2, 'reply': 2, 'screen': 2, 'alright': 2, 'seems': 2, 'games': 2, 'sure': 2, 'really': 2, 'free': 2, 'getting': 2, 'times': 2, 'go': 2, 'country': 2, 'game': 2}","{('getting', 'error'): 1, ('long', 'know'): 1, ('boggles', 'mind'): 1, ('mind', 'sure'): 1, ('sure', 'least'): 1, ('least', 'aright'): 1, ('aright', 'app'): 1, ('app', 'download'): 1, ('download', 'app'): 1, ('app', 'purpose'): 1, ('purpose', 'one'): 1, ('one', 'bothered'): 1, ('bothered', 'reply'): 1, ('reply', 'accidental'): 1, ('accidental', 'review'): 1, ('review', 'games'): 1, ('games', 'work'): 1, ('work', 'properly'): 1, ('properly', 'good'): 1, ('good', 'like'): 1, ('like', 'game'): 1, ('game', 'great'): 1, ('great', 'fun'): 1, ('play', 'boggles'): 1, ('yet', 'play'): 1, ('rated', 'yet'): 1, ('pull', 'goes'): 1, ('works', 'fine'): 1, ('fine', 'time'): 1, ('time', 'times'): 1}","{('getting', 'error', 'messages'): 1, ('fun', 'long', 'know'): 1, ('play', 'boggles', 'mind'): 1, ('boggles', 'mind', 'sure'): 1, ('mind', 'sure', 'least'): 1, ('sure', 'least', 'aright'): 1, ('least', 'aright', 'app'): 1, ('aright', 'app', 'download'): 1, ('app', 'download', 'app'): 1, ('download', 'app', 'purpose'): 1, ('app', 'purpose', 'one'): 1, ('purpose', 'one', 'bothered'): 1, ('one', 'bothered', 'reply'): 1, ('bothered', 'reply', 'accidental'): 1, ('reply', 'accidental', 'review'): 1, ('accidental', 'review', 'games'): 1, ('review', 'games', 'work'): 1, ('games', 'work', 'properly'): 1, ('work', 'properly', 'good'): 1, ('properly', 'good', 'like'): 1, ('good', 'like', 'game'): 1, ('like', 'game', 'great'): 1, ('game', 'great', 'fun'): 1, ('yet', 'play', 'boggles'): 1, ('rated', 'yet', 'play'): 1, ('ask', 'rated', 'yet'): 1, ('roulette', 'pull', 'goes'): 1, ('recived', 'works', 'fine'): 1, ('works', 'fine', 'time'): 1, ('fine', 'time', 'times'): 1}"
0,r888,2021,4,"{'good': 11, 'win': 10, 'app': 7, 'get': 7, 'one': 5, 'play': 5, 'games': 5, 'u': 4, 'yet': 4, 'casino': 4, 'always': 3, 'game': 3, 'played': 3, 'got': 3, 'know': 3, 'day': 3, 'thing': 3, 'easy': 3, 'like': 3, 'money': 3, 'casinos': 3, 'quick': 2, 'online': 2, 'decent': 2, 'give': 2, 'lot': 2, 'site': 2, 'im': 2, 'slots': 2, 'pay': 2}","{('one', 'thing'): 3, ('good', 'app'): 2, ('nice', 'app'): 2, ('good', 'nice'): 2, ('app', 'good'): 2, ('play', 'games'): 2, ('win', 'something'): 2, ('goonie', 'slot'): 1, ('decent', 'choice'): 1, ('well', 'decent'): 1, ('quite', 'well'): 1, ('sort', 'goonie'): 1, ('runs', 'quite'): 1, ('slot', 'hard'): 1, ('hard', 'get'): 1, ('occasion', 'generally'): 1, ('choice', 'games'): 1, ('crash', 'occasion'): 1, ('stars', 'crash'): 1, ('put', 'stars'): 1, ('get', 'put'): 1, ('generally', 'runs'): 1, ('mon', 'friday'): 1, ('games', 'mon'): 1, ('lol', 'please'): 1, ('says', 'restricted'): 1, ('always', 'says'): 1, ('app', 'always'): 1, ('access', 'app'): 1, ('cant', 'access'): 1}","{('good', 'nice', 'app'): 2, ('one', 'thing', 'u'): 1, ('occasion', 'generally', 'runs'): 1, ('choice', 'games', 'mon'): 1, ('decent', 'choice', 'games'): 1, ('well', 'decent', 'choice'): 1, ('quite', 'well', 'decent'): 1, ('runs', 'quite', 'well'): 1, ('generally', 'runs', 'quite'): 1, ('crash', 'occasion', 'generally'): 1, ('lol', 'please', 'sort'): 1, ('stars', 'crash', 'occasion'): 1, ('put', 'stars', 'crash'): 1, ('get', 'put', 'stars'): 1, ('hard', 'get', 'put'): 1, ('slot', 'hard', 'get'): 1, ('goonie', 'slot', 'hard'): 1, ('sort', 'goonie', 'slot'): 1, ('games', 'mon', 'friday'): 1, ('mon', 'friday', 'usually'): 1, ('friday', 'usually', 'get'): 1, ('usually', 'get', 'withdraw'): 1, ('restricted', 'country', 'im'): 1, ('says', 'restricted', 'country'): 1, ('always', 'says', 'restricted'): 1, ('app', 'always', 'says'): 1, ('access', 'app', 'always'): 1, ('cant', 'access', 'app'): 1, ('problem', 'cant', 'access'): 1, ('one', 'problem', 'cant'): 1}"
0,r888,2021,5,"{'good': 68, 'great': 36, 'app': 30, 'game': 17, 'nice': 15, 'excellent': 14, 'play': 13, 'casino': 13, 'games': 11, 'fun': 9, 'really': 9, 'money': 9, 'best': 9, 'win': 8, 'try': 8, 'site': 8, 'brilliant': 7, 'cool': 7, 'free': 7, 'ok': 6, 'never': 6, 'amazing': 5, 'would': 5, 'playing': 5, 'luck': 5, 'like': 5, 'put': 4, 'bad': 4, 'thank': 4, 'using': 4}","{('good', 'good'): 16, ('good', 'great'): 8, ('good', 'game'): 6, ('great', 'app'): 5, ('great', 'games'): 4, ('really', 'good'): 4, ('nice', 'app'): 4, ('great', 'site'): 4, ('nice', 'good'): 4, ('excellent', 'good'): 3, ('good', 'games'): 3, ('app', 'cool'): 3, ('good', 'app'): 3, ('app', 'good'): 3, ('good', 'luck'): 3, ('site', 'great'): 3, ('good', 'nice'): 3, ('would', 'recommend'): 3, ('good', 'excellent'): 3, ('great', 'good'): 3, ('games', 'good'): 3, ('good', 'fun'): 2, ('great', 'nice'): 2, ('excellent', 'site'): 2, ('excellent', 'game'): 2, ('good', 'brilliant'): 2, ('game', 'great'): 2, ('play', 'great'): 2, ('good', 'cool'): 2, ('game', 'good'): 2}","{('good', 'good', 'good'): 4, ('good', 'good', 'great'): 4, ('nice', 'good', 'good'): 3, ('good', 'game', 'great'): 2, ('good', 'app', 'cool'): 2, ('good', 'great', 'nice'): 2, ('really', 'good', 'site'): 2, ('great', 'site', 'great'): 2, ('app', 'good', 'good'): 2, ('excellent', 'good', 'good'): 2, ('good', 'nice', 'good'): 2, ('great', 'games', 'great'): 2, ('good', 'great', 'good'): 2, ('games', 'great', 'app'): 2, ('nice', 'app', 'new'): 1, ('much', 'good', 'play'): 1, ('good', 'great', 'bonus'): 1, ('thanks', 'much', 'good'): 1, ('great', 'bonus', 'x'): 1, ('bonus', 'x', 'played'): 1, ('great', 'thanks', 'much'): 1, ('site', 'nice', 'app'): 1, ('user', 'great', 'thanks'): 1, ('new', 'user', 'great'): 1, ('x', 'played', 'yet'): 1, ('played', 'yet', 'really'): 1, ('looks', 'good', 'great'): 1, ('good', 'site', 'nice'): 1, ('app', 'new', 'user'): 1, ('yet', 'really', 'good'): 1}"
0,r888,2022,1,"{'money': 68, 'app': 60, 'win': 52, 'bonus': 50, 'game': 38, 'play': 37, 'get': 37, 'deposit': 36, 'account': 36, 'even': 32, 'scam': 30, 'free': 30, 'spins': 28, 'casino': 23, 'give': 23, 'games': 22, 'time': 22, 'back': 20, 'would': 20, 'take': 19, 'pay': 18, 'still': 18, 'worst': 16, 'never': 16, 'terrible': 16, 'ca': 16, 'let': 16, 'like': 16, 'ever': 15, 'avoid': 15}","{('free', 'spins'): 18, ('bonus', 'money'): 6, ('app', 'ever'): 6, ('worst', 'casino'): 6, ('get', 'free'): 5, ('get', 'bonus'): 5, ('take', 'money'): 5, ('take', 'take'): 5, ('get', 'back'): 5, ('casino', 'app'): 5, ('even', 'though'): 5, ('lose', 'money'): 4, ('pay', 'outs'): 4, ('gon', 'na'): 4, ('waste', 'time'): 4, ('block', 'account'): 4, ('money', 'time'): 4, ('wo', 'let'): 4, ('much', 'better'): 4, ('avoid', 'avoid'): 4, ('freespins', 'stake'): 3, ('could', 'give'): 3, ('earned', 'money'): 3, ('give', 'bonus'): 3, ('proof', 'address'): 3, ('free', 'deposit'): 3, ('customer', 'service'): 3, ('single', 'bonus'): 3, ('download', 'app'): 3, ('stay', 'away'): 3}","{('casino', 'app', 'ever'): 3, ('get', 'free', 'spins'): 3, ('freespins', 'stake', 'returned'): 3, ('hard', 'earned', 'money'): 3, ('take', 'take', 'take'): 2, ('app', 'ever', 'used'): 2, ('never', 'giving', 'back'): 2, ('worst', 'casino', 'app'): 2, ('bonus', 'free', 'spins'): 2, ('even', 'though', 'used'): 2, ('wo', 'let', 'deposit'): 2, ('na', 'lose', 'money'): 2, ('small', 'pay', 'outs'): 2, ('guys', 'legit', 'scammers'): 2, ('free', 'spins', 'free'): 2, ('undead', 'freespins', 'stake'): 2, ('returned', 'undead', 'freespins'): 2, ('stake', 'returned', 'undead'): 2, ('tenner', 'bonus', 'money'): 2, ('mult', 'si', 'nimic'): 2, ('mai', 'mult', 'si'): 2, ('sau', 'mai', 'mult'): 2, ('take', 'never', 'giving'): 2, ('takes', 'takes', 'takes'): 2, ('spins', 'free', 'spins'): 2, ('free', 'spins', 'deposit'): 2, ('avoid', 'avoid', 'avoid'): 2, ('free', 'without', 'deposit'): 2, ('avoid', 'like', 'plague'): 2, ('could', 'give', 'zero'): 2}"
0,r888,2022,2,"{'time': 5, 'win': 5, 'casino': 5, 'game': 4, 'app': 4, 'get': 3, 'like': 3, 'use': 3, 'withdrawals': 3, 'work': 3, 'account': 3, 'money': 3, 'good': 3, 'hope': 2, 'another': 2, 'change': 2, 'website': 2, 'want': 2, 'go': 2, 'games': 2, 'make': 2, 'properly': 2, 'big': 2, 'bad': 2, 'nice': 2, 'free': 2, 'spins': 2, 'hit': 2, 'long': 2, 'seen': 2}","{('win', 'casino'): 2, ('big', 'time'): 2, ('free', 'spins'): 2, ('withdrawals', 'hit'): 2, ('games', 'well'): 1, ('hit', 'bank'): 1, ('id', 'verify'): 1, ('verify', 'bank'): 1, ('bank', 'card'): 1, ('card', 'allowed'): 1, ('allowed', 'gamble'): 1, ('gamble', 'takes'): 1, ('takes', 'far'): 1, ('far', 'long'): 1, ('long', 'withdrawals'): 1, ('bank', 'account'): 1, ('account', 'ask'): 1, ('account', 'use'): 1, ('use', 'casino'): 1, ('casino', 'fast'): 1, ('fast', 'withdrawals'): 1, ('hit', 'instantly'): 1, ('instantly', 'shame'): 1, ('shame', 'like'): 1, ('like', 'long'): 1, ('long', 'loading'): 1, ('loading', 'times'): 1, ('times', 'connection'): 1, ('connection', 'issues'): 1, ('issues', 'freeplay'): 1}","{('games', 'well', 'good'): 1, ('hit', 'bank', 'account'): 1, ('account', 'ask', 'id'): 1, ('ask', 'id', 'verify'): 1, ('id', 'verify', 'bank'): 1, ('verify', 'bank', 'card'): 1, ('bank', 'card', 'allowed'): 1, ('card', 'allowed', 'gamble'): 1, ('allowed', 'gamble', 'takes'): 1, ('gamble', 'takes', 'far'): 1, ('takes', 'far', 'long'): 1, ('far', 'long', 'withdrawals'): 1, ('long', 'withdrawals', 'hit'): 1, ('withdrawals', 'hit', 'bank'): 1, ('bank', 'account', 'use'): 1, ('breath', 'restrict', 'account'): 1, ('account', 'use', 'casino'): 1, ('use', 'casino', 'fast'): 1, ('casino', 'fast', 'withdrawals'): 1, ('fast', 'withdrawals', 'hit'): 1, ('withdrawals', 'hit', 'instantly'): 1, ('hit', 'instantly', 'shame'): 1, ('instantly', 'shame', 'like'): 1, ('shame', 'like', 'long'): 1, ('like', 'long', 'loading'): 1, ('long', 'loading', 'times'): 1, ('loading', 'times', 'connection'): 1, ('times', 'connection', 'issues'): 1, ('restrict', 'account', 'ask'): 1, ('money', 'breath', 'restrict'): 1}"
0,r888,2022,3,"{'good': 5, 'difficult': 3, 'bonus': 3, 'welcome': 3, 'account': 2, 'chi': 2, 'like': 2, 'ca': 2, 'downloaded': 2, 'free': 2, 'lol': 2, 'could': 2, 'app': 2, 'nice': 2, 'win': 2, 'see': 2, 'got': 2, 'saying': 2, 'give': 1, 'message': 1, 'restrictions': 1, 'access': 1, 'go': 1, 'accepts': 1, 'received': 1, 'gunna': 1, 'gift': 1, 'time': 1, 'never': 1, 'strait': 1}","{('welcome', 'bonus'): 2, ('got', 'message'): 1, ('go', 'see'): 1, ('see', 'good'): 1, ('good', 'ca'): 1, ('ca', 'access'): 1, ('access', 'app'): 1, ('app', 'got'): 1, ('alright', 'even'): 1, ('give', 'go'): 1, ('saying', 'restrictions'): 1, ('restrictions', 'accepts'): 1, ('accepts', 'deposit'): 1, ('deposit', 'time'): 1, ('time', 'win'): 1, ('win', 'small'): 1, ('message', 'saying'): 1, ('gunna', 'give'): 1, ('buyers', 'remorse'): 1, ('texts', 'come'): 1, ('half', 'hour'): 1, ('hour', 'waiying'): 1, ('waiying', 'text'): 1, ('text', 'post'): 1, ('post', 'office'): 1, ('office', 'texts'): 1, ('come', 'strait'): 1, ('gift', 'gunna'): 1, ('strait', 'lol'): 1, ('lol', 'downloaded'): 1}","{('alright', 'even', 'though'): 1, ('access', 'app', 'got'): 1, ('gunna', 'give', 'go'): 1, ('give', 'go', 'see'): 1, ('go', 'see', 'good'): 1, ('see', 'good', 'ca'): 1, ('good', 'ca', 'access'): 1, ('ca', 'access', 'app'): 1, ('app', 'got', 'message'): 1, ('win', 'small', 'buyers'): 1, ('got', 'message', 'saying'): 1, ('message', 'saying', 'restrictions'): 1, ('saying', 'restrictions', 'accepts'): 1, ('restrictions', 'accepts', 'deposit'): 1, ('accepts', 'deposit', 'time'): 1, ('deposit', 'time', 'win'): 1, ('gift', 'gunna', 'give'): 1, ('welcome', 'gift', 'gunna'): 1, ('received', 'welcome', 'gift'): 1, ('never', 'received', 'welcome'): 1, ('downloaded', 'never', 'received'): 1, ('lol', 'downloaded', 'never'): 1, ('strait', 'lol', 'downloaded'): 1, ('come', 'strait', 'lol'): 1, ('texts', 'come', 'strait'): 1, ('office', 'texts', 'come'): 1, ('post', 'office', 'texts'): 1, ('text', 'post', 'office'): 1, ('waiying', 'text', 'post'): 1, ('hour', 'waiying', 'text'): 1}"
0,r888,2022,4,"{'good': 14, 'app': 6, 'games': 5, 'game': 4, 'site': 3, 'great': 3, 'casino': 3, 'day': 3, 'fair': 3, 'say': 2, 'withdraw': 2, 'bank': 2, 'online': 2, 'use': 2, 'seem': 2, 'pretty': 2, 'happy': 2, 'one': 2, 'money': 2, 'account': 2, 'free': 2, 'bonuses': 2, 'bit': 2, 'take': 2, 'would': 2, 'could': 2, 'fixed': 1, 'country': 1, 'totally': 1, 'trust': 1}","{('good', 'app'): 2, ('good', 'good'): 2, ('app', 'good'): 2, ('country', 'going'): 1, ('good', 'game'): 1, ('game', 'sight'): 1, ('sight', 'difficult'): 1, ('difficult', 'get'): 1, ('get', 'customer'): 1, ('customer', 'service'): 1, ('service', 'great'): 1, ('great', 'games'): 1, ('games', 'one'): 1, ('one', 'worst'): 1, ('worst', 'trust'): 1, ('trust', 'game'): 1, ('game', 'totally'): 1, ('totally', 'fake'): 1, ('fake', 'problems'): 1, ('problems', 'getting'): 1, ('getting', 'account'): 1, ('account', 'long'): 1, ('long', 'take'): 1, ('going', 'good'): 1, ('use', 'restricted'): 1, ('restricted', 'country'): 1, ('money', 'come'): 1, ('good', 'gaming'): 1, ('gaming', 'hard'): 1, ('hard', 'easily'): 1}","{('good', 'app', 'however'): 1, ('trust', 'game', 'totally'): 1, ('sight', 'difficult', 'get'): 1, ('difficult', 'get', 'customer'): 1, ('get', 'customer', 'service'): 1, ('customer', 'service', 'great'): 1, ('service', 'great', 'games'): 1, ('great', 'games', 'one'): 1, ('games', 'one', 'worst'): 1, ('one', 'worst', 'trust'): 1, ('worst', 'trust', 'game'): 1, ('game', 'totally', 'fake'): 1, ('good', 'game', 'sight'): 1, ('totally', 'fake', 'problems'): 1, ('fake', 'problems', 'getting'): 1, ('problems', 'getting', 'account'): 1, ('getting', 'account', 'long'): 1, ('account', 'long', 'take'): 1, ('long', 'take', 'money'): 1, ('take', 'money', 'come'): 1, ('money', 'come', 'account'): 1, ('come', 'account', 'james'): 1, ('game', 'sight', 'difficult'): 1, ('going', 'good', 'game'): 1, ('app', 'however', 'game'): 1, ('used', 'app', 'last'): 1, ('gaming', 'hard', 'easily'): 1, ('hard', 'easily', 'withdraw'): 1, ('easily', 'withdraw', 'money'): 1, ('withdraw', 'money', 'penalties'): 1}"
0,r888,2022,5,"{'good': 73, 'great': 34, 'app': 27, 'game': 20, 'nice': 17, 'games': 12, 'love': 11, 'money': 11, 'spins': 10, 'free': 10, 'casino': 9, 'best': 9, 'fun': 9, 'win': 8, 'playing': 8, 'amazing': 7, 'site': 7, 'play': 6, 'got': 6, 'time': 6, 'apps': 6, 'would': 5, 'deposit': 5, 'far': 5, 'excellent': 5, 'otp': 5, 'know': 5, 'like': 5, 'u': 4, 'slots': 4}","{('good', 'good'): 21, ('good', 'game'): 7, ('app', 'good'): 6, ('free', 'spins'): 6, ('good', 'app'): 6, ('game', 'good'): 5, ('nice', 'app'): 5, ('great', 'site'): 4, ('great', 'fun'): 4, ('great', 'good'): 3, ('good', 'great'): 3, ('app', 'nice'): 3, ('app', 'otp'): 3, ('great', 'app'): 3, ('game', 'great'): 3, ('game', 'nice'): 3, ('great', 'love'): 2, ('great', 'great'): 2, ('time', 'app'): 2, ('app', 'great'): 2, ('go', 'back'): 2, ('like', 'playing'): 2, ('apps', 'best'): 2, ('good', 'games'): 2, ('really', 'good'): 2, ('win', 'big'): 2, ('great', 'game'): 2, ('love', 'great'): 2, ('good', 'nice'): 2, ('spins', 'great'): 2}","{('good', 'good', 'good'): 13, ('good', 'game', 'nice'): 3, ('app', 'good', 'game'): 3, ('good', 'great', 'good'): 2, ('good', 'good', 'great'): 2, ('good', 'app', 'good'): 2, ('good', 'game', 'great'): 2, ('good', 'app', 'nice'): 2, ('great', 'app', 'good'): 2, ('good', 'app', 'otp'): 2, ('really', 'good', 'good'): 2, ('free', 'spins', 'great'): 2, ('fast', 'working', 'best'): 1, ('online', 'casino', 'far'): 1, ('casino', 'far', 'good'): 1, ('far', 'good', 'app'): 1, ('game', 'good', 'play'): 1, ('app', 'nice', 'app'): 1, ('nice', 'app', 'otp'): 1, ('app', 'otp', 'real'): 1, ('real', 'game', 'good'): 1, ('nice', 'real', 'game'): 1, ('working', 'best', 'games'): 1, ('otp', 'real', 'let'): 1, ('real', 'let', 'world'): 1, ('let', 'world', 'know'): 1, ('world', 'know', 'scam'): 1, ('playing', 'nice', 'real'): 1, ('like', 'playing', 'nice'): 1, ('know', 'scam', 'love'): 1}"
0,r888,2023,1,"{'spins': 14, 'free': 9, 'got': 7, 'deposit': 7, 'game': 6, 'bonus': 5, 'win': 5, 'cash': 5, 'days': 5, 'never': 5, 'get': 5, 'account': 5, 'one': 4, 'app': 4, 'site': 4, 'money': 4, 'time': 4, 'like': 4, 'daily': 3, 'absolutely': 3, 'sites': 3, 'withdraw': 3, 'another': 3, 'still': 3, 'much': 3, 'away': 3, 'try': 3, 'customer': 3, 'even': 3, 'deposited': 3}","{('free', 'spins'): 6, ('spins', 'deposit'): 3, ('daily', 'spins'): 3, ('free', 'daily'): 2, ('customer', 'service'): 2, ('cash', 'deposited'): 2, ('says', 'free'): 2, ('stay', 'away'): 2, ('give', 'back'): 2, ('absolute', 'scam'): 1, ('bonus', 'definitely'): 1, ('ever', 'played'): 1, ('ive', 'ever'): 1, ('one', 'ive'): 1, ('worst', 'one'): 1, ('recommend', 'worst'): 1, ('wouldnt', 'recommend'): 1, ('definitely', 'wouldnt'): 1, ('lose', 'bonus'): 1, ('withdraw', 'lose'): 1, ('want', 'withdraw'): 1, ('win', 'want'): 1, ('deposit', 'win'): 1, ('terrible', 'deposit'): 1, ('service', 'terrible'): 1, ('poor', 'customer'): 1, ('palmed', 'poor'): 1, ('terms', 'palmed'): 1, ('played', 'games'): 1, ('games', 'rip'): 1}","{('free', 'spins', 'deposit'): 3, ('free', 'daily', 'spins'): 2, ('says', 'free', 'spins'): 2, ('horrible', 'costumer', 'service'): 1, ('lose', 'bonus', 'definitely'): 1, ('played', 'games', 'rip'): 1, ('ever', 'played', 'games'): 1, ('ive', 'ever', 'played'): 1, ('one', 'ive', 'ever'): 1, ('worst', 'one', 'ive'): 1, ('recommend', 'worst', 'one'): 1, ('wouldnt', 'recommend', 'worst'): 1, ('definitely', 'wouldnt', 'recommend'): 1, ('bonus', 'definitely', 'wouldnt'): 1, ('want', 'withdraw', 'lose'): 1, ('withdraw', 'lose', 'bonus'): 1, ('win', 'want', 'withdraw'): 1, ('deposit', 'win', 'want'): 1, ('terrible', 'deposit', 'win'): 1, ('service', 'terrible', 'deposit'): 1, ('customer', 'service', 'terrible'): 1, ('poor', 'customer', 'service'): 1, ('palmed', 'poor', 'customer'): 1, ('terms', 'palmed', 'poor'): 1, ('meeting', 'terms', 'palmed'): 1, ('many', 'meeting', 'terms'): 1, ('games', 'rip', 'offs'): 1, ('rip', 'offs', 'sites'): 1, ('despite', 'spending', 'many'): 1, ('offs', 'sites', 'minimum'): 1}"
0,r888,2023,2,"{'app': 1, 'day': 1, 'never': 1, 'bonus': 1, 'welcome': 1, 'promised': 1, 'faff': 1, 'worth': 1, 'bonuses': 1, 'lost': 1, 'funds': 1, 'withdrawn': 1, 'time': 1, 'crashing': 1, 'keeps': 1, 'glitch': 1, 'must': 1, 'great': 1, 'games': 1, 'materiised': 1}","{('app', 'day'): 1, ('funds', 'lost'): 1, ('bonus', 'never'): 1, ('welcome', 'bonus'): 1, ('promised', 'welcome'): 1, ('faff', 'promised'): 1, ('worth', 'faff'): 1, ('bonuses', 'worth'): 1, ('lost', 'bonuses'): 1, ('withdrawn', 'funds'): 1, ('day', 'games'): 1, ('time', 'withdrawn'): 1, ('crashing', 'time'): 1, ('keeps', 'crashing'): 1, ('glitch', 'keeps'): 1, ('must', 'glitch'): 1, ('great', 'must'): 1, ('games', 'great'): 1, ('never', 'materiised'): 1}","{('app', 'day', 'games'): 1, ('day', 'games', 'great'): 1, ('welcome', 'bonus', 'never'): 1, ('promised', 'welcome', 'bonus'): 1, ('faff', 'promised', 'welcome'): 1, ('worth', 'faff', 'promised'): 1, ('bonuses', 'worth', 'faff'): 1, ('lost', 'bonuses', 'worth'): 1, ('funds', 'lost', 'bonuses'): 1, ('withdrawn', 'funds', 'lost'): 1, ('time', 'withdrawn', 'funds'): 1, ('crashing', 'time', 'withdrawn'): 1, ('keeps', 'crashing', 'time'): 1, ('glitch', 'keeps', 'crashing'): 1, ('must', 'glitch', 'keeps'): 1, ('great', 'must', 'glitch'): 1, ('games', 'great', 'must'): 1, ('bonus', 'never', 'materiised'): 1}"
0,r888,2023,4,"{'never': 3, 'get': 3, 'price': 3, 'love': 2, 'early': 2, 'spins': 2, 'site': 2, 'bonus': 2, 'self': 2, 'good': 2, 'got': 2, 'free': 2, 'great': 2, 'loure': 1, 'joke': 1, 'relaxing': 1, 'easy': 1, 'deposit': 1, 'needed': 1, 'fun': 1, 'received': 1, 'av': 1, 'go': 1, 'sent': 1, 'anyone': 1, 'messages': 1, 'recommend': 1, 'reply': 1, 'new': 1, 'player': 1}","{('free', 'spins'): 2, ('never', 'got'): 2, ('early', 'price'): 2, ('love', 'site'): 1, ('good', 'messages'): 1, ('new', 'player'): 1, ('got', 'new'): 1, ('reply', 'never'): 1, ('got', 'reply'): 1, ('messages', 'never'): 1, ('sent', 'good'): 1, ('u', 'sign'): 1, ('av', 'sent'): 1, ('received', 'av'): 1, ('never', 'received'): 1, ('needed', 'never'): 1, ('deposit', 'needed'): 1, ('bonus', 'deposit'): 1, ('spins', 'bonus'): 1, ('player', 'u'): 1, ('sign', 'ment'): 1, ('told', 'get'): 1, ('ment', 'get'): 1, ('relaxing', 'great'): 1, ('easy', 'relaxing'): 1, ('fun', 'easy'): 1, ('good', 'fun'): 1, ('site', 'good'): 1, ('go', 'site'): 1, ('anyone', 'go'): 1}","{('love', 'site', 'great'): 1, ('site', 'great', 'games'): 1, ('got', 'new', 'player'): 1, ('never', 'got', 'new'): 1, ('reply', 'never', 'got'): 1, ('got', 'reply', 'never'): 1, ('never', 'got', 'reply'): 1, ('messages', 'never', 'got'): 1, ('good', 'messages', 'never'): 1, ('sent', 'good', 'messages'): 1, ('av', 'sent', 'good'): 1, ('received', 'av', 'sent'): 1, ('never', 'received', 'av'): 1, ('needed', 'never', 'received'): 1, ('deposit', 'needed', 'never'): 1, ('bonus', 'deposit', 'needed'): 1, ('spins', 'bonus', 'deposit'): 1, ('free', 'spins', 'bonus'): 1, ('get', 'free', 'spins'): 1, ('new', 'player', 'u'): 1, ('player', 'u', 'sign'): 1, ('u', 'sign', 'ment'): 1, ('would', 'recommend', 'anyone'): 1, ('easy', 'relaxing', 'great'): 1, ('fun', 'easy', 'relaxing'): 1, ('good', 'fun', 'easy'): 1, ('site', 'good', 'fun'): 1, ('go', 'site', 'good'): 1, ('anyone', 'go', 'site'): 1, ('recommend', 'anyone', 'go'): 1}"
0,r888,2023,5,"{'good': 6, 'nice': 3, 'app': 3, 'put': 2, 'playing': 2, 'great': 2, 'still': 2, 'awesome': 2, 'sight': 2, 'win': 1, 'dean': 1, 'dra': 1, 'casinos': 1, 'love': 1, 'chances': 1, 'mm': 1, 'av': 1, 'best': 1, 'games': 1, 'live': 1, 'enjoyable': 1, 'winning': 1, 'played': 1, 'service': 1, 'fabulous': 1, 'eyes': 1, 'apps': 1, 'wow': 1, 'nc': 1, 'ok': 1}","{('love', 'playing'): 1, ('service', 'good'): 1, ('bad', 'good'): 1, ('nice', 'bad'): 1, ('fabulous', 'nice'): 1, ('mm', 'fabulous'): 1, ('dean', 'mm'): 1, ('dra', 'dean'): 1, ('casinos', 'dra'): 1, ('win', 'casinos'): 1, ('chances', 'win'): 1, ('played', 'chances'): 1, ('av', 'played'): 1, ('sight', 'av'): 1, ('best', 'sight'): 1, ('games', 'best'): 1, ('live', 'games'): 1, ('enjoyable', 'live'): 1, ('winning', 'enjoyable'): 1, ('chance', 'winning'): 1, ('good', 'chance'): 1, ('good', 'service'): 1, ('good', 'app'): 1, ('playing', 'site'): 1, ('app', 'realistic'): 1, ('nice', 'app'): 1, ('app', 'nice'): 1, ('awesome', 'app'): 1, ('apps', 'awesome'): 1, ('nice', 'apps'): 1}","{('love', 'playing', 'site'): 1, ('cashed', 'anything', 'good'): 1, ('bad', 'good', 'service'): 1, ('nice', 'bad', 'good'): 1, ('fabulous', 'nice', 'bad'): 1, ('mm', 'fabulous', 'nice'): 1, ('dean', 'mm', 'fabulous'): 1, ('dra', 'dean', 'mm'): 1, ('casinos', 'dra', 'dean'): 1, ('win', 'casinos', 'dra'): 1, ('chances', 'win', 'casinos'): 1, ('played', 'chances', 'win'): 1, ('av', 'played', 'chances'): 1, ('sight', 'av', 'played'): 1, ('best', 'sight', 'av'): 1, ('games', 'best', 'sight'): 1, ('live', 'games', 'best'): 1, ('enjoyable', 'live', 'games'): 1, ('winning', 'enjoyable', 'live'): 1, ('chance', 'winning', 'enjoyable'): 1, ('good', 'chance', 'winning'): 1, ('good', 'service', 'good'): 1, ('service', 'good', 'app'): 1, ('good', 'app', 'realistic'): 1, ('fare', 'plus', 'ok'): 1, ('app', 'nice', 'app'): 1, ('awesome', 'app', 'nice'): 1, ('apps', 'awesome', 'app'): 1, ('nice', 'apps', 'awesome'): 1, ('wow', 'nice', 'apps'): 1}"
